DATAFLOW,LAST UPDATE,freq,unit,tra_infr,geo,TIME_PERIOD,OBS_VALUE,OBS_FLAG
ESTAT:TRAN_SF_ROADRO(1.0),20/06/23 11:00:00,A,NR,MWAY,AT,2012,50,
ESTAT:TRAN_SF_ROADRO(1.0),20/06/23 11:00:00,A,NR,MWAY,AT,2013,31,
ESTAT:TRAN_SF_ROADRO(1.0),20/06/23 11:00:00,A,NR,MWAY,AT,2014,36,
ESTAT:TRAN_SF_ROADRO(1.0),20/06/23 11:00:00,A,NR,MWAY,AT,2015,41,
ESTAT:TRAN_SF_ROADRO(1.0),20/06/23 11:00:00,A,NR,MWAY,AT,2016,34,
ESTAT:TRAN_SF_ROADRO(1.0),20/06/23 11:00:00,A,NR,MWAY,AT,2017,45,
ESTAT:TRAN_SF_ROADRO(1.0),20/06/23 11:00:00,A,NR,MWAY,AT,2018,28,
ESTAT:TRAN_SF_ROADRO(1.0),20/06/23 11:00:00,A,NR,MWAY,AT,2019,29,
ESTAT:TRAN_SF_ROADRO(1.0),20/06/23 11:00:00,A,NR,MWAY,AT,2020,26,
ESTAT:TRAN_SF_ROADRO(1.0),20/06/23 11:00:00,A,NR,MWAY,AT,2021,33,
ESTAT:TRAN_SF_ROADRO(1.0),20/06/23 11:00:00,A,NR,MWAY,BE,2012,113,
ESTAT:TRAN_SF_ROADRO(1.0),20/06/23 11:00:00,A,NR,MWAY,BE,2013,128,
ESTAT:TRAN_SF_ROADRO(1.0),20/06/23 11:00:00,A,NR,MWAY,BE,2014,108,
ESTAT:TRAN_SF_ROADRO(1.0),20/06/23 11:00:00,A,NR,MWAY,BE,2015,110,
ESTAT:TRAN_SF_ROADRO(1.0),20/06/23 11:00:00,A,NR,MWAY,BE,2016,102,
ESTAT:TRAN_SF_ROADRO(1.0),20/06/23 11:00:00,A,NR,MWAY,BE,2017,98,
ESTAT:TRAN_SF_ROADRO(1.0),20/06/23 11:00:00,A,NR,MWAY,BE,2018,102,
ESTAT:TRAN_SF_ROADRO(1.0),20/06/23 11:00:00,A,NR,MWAY,BE,2019,116,
ESTAT:TRAN_SF_ROADRO(1.0),20/06/23 11:00:00,A,NR,MWAY,BE,2020,86,
ESTAT:TRAN_SF_ROADRO(1.0),20/06/23 11:00:00,A,NR,MWAY,BE,2021,81,
ESTAT:TRAN_SF_ROADRO(1.0),20/06/23 11:00:00,A,NR,MWAY,BG,2012,20,
ESTAT:TRAN_SF_ROADRO(1.0),20/06/23 11:00:00,A,NR,MWAY,BG,2013,20,
ESTAT:TRAN_SF_ROADRO(1.0),20/06/23 11:00:00,A,NR,MWAY,BG,2014,39,
ESTAT:TRAN_SF_ROADRO(1.0),20/06/23 11:00:00,A,NR,MWAY,BG,2015,60,
ESTAT:TRAN_SF_ROADRO(1.0),20/06/23 11:00:00,A,NR,MWAY,BG,2016,42,
ESTAT:TRAN_SF_ROADRO(1.0),20/06/23 11:00:00,A,NR,MWAY,BG,2017,62,
ESTAT:TRAN_SF_ROADRO(1.0),20/06/23 11:00:00,A,NR,MWAY,BG,2018,58,
ESTAT:TRAN_SF_ROADRO(1.0),20/06/23 11:00:00,A,NR,MWAY,BG,2019,45,
ESTAT:TRAN_SF_ROADRO(1.0),20/06/23 11:00:00,A,NR,MWAY,BG,2020,35,
ESTAT:TRAN_SF_ROADRO(1.0),20/06/23 11:00:00,A,NR,MWAY,BG,2021,75,
ESTAT:TRAN_SF_ROADRO(1.0),20/06/23 11:00:00,A,NR,MWAY,CH,2012,63,
ESTAT:TRAN_SF_ROADRO(1.0),20/06/23 11:00:00,A,NR,MWAY,CH,2013,23,
ESTAT:TRAN_SF_ROADRO(1.0),20/06/23 11:00:00,A,NR,MWAY,CH,2014,12,
ESTAT:TRAN_SF_ROADRO(1.0),20/06/23 11:00:00,A,NR,MWAY,CH,2015,21,
ESTAT:TRAN_SF_ROADRO(1.0),20/06/23 11:00:00,A,NR,MWAY,CH,2016,19,
ESTAT:TRAN_SF_ROADRO(1.0),20/06/23 11:00:00,A,NR,MWAY,CH,2017,25,
ESTAT:TRAN_SF_ROADRO(1.0),20/06/23 11:00:00,A,NR,MWAY,CH,2018,19,
ESTAT:TRAN_SF_ROADRO(1.0),20/06/23 11:00:00,A,NR,MWAY,CH,2019,24,
ESTAT:TRAN_SF_ROADRO(1.0),20/06/23 11:00:00,A,NR,MWAY,CH,2020,18,
ESTAT:TRAN_SF_ROADRO(1.0),20/06/23 11:00:00,A,NR,MWAY,CH,2021,15,
ESTAT:TRAN_SF_ROADRO(1.0),20/06/23 11:00:00,A,NR,MWAY,CY,2012,3,
ESTAT:TRAN_SF_ROADRO(1.0),20/06/23 11:00:00,A,NR,MWAY,CY,2013,2,
ESTAT:TRAN_SF_ROADRO(1.0),20/06/23 11:00:00,A,NR,MWAY,CY,2014,3,
ESTAT:TRAN_SF_ROADRO(1.0),20/06/23 11:00:00,A,NR,MWAY,CY,2015,6,
ESTAT:TRAN_SF_ROADRO(1.0),20/06/23 11:00:00,A,NR,MWAY,CY,2016,1,
ESTAT:TRAN_SF_ROADRO(1.0),20/06/23 11:00:00,A,NR,MWAY,CY,2017,5,
ESTAT:TRAN_SF_ROADRO(1.0),20/06/23 11:00:00,A,NR,MWAY,CY,2018,8,
ESTAT:TRAN_SF_ROADRO(1.0),20/06/23 11:00:00,A,NR,MWAY,CY,2019,3,
ESTAT:TRAN_SF_ROADRO(1.0),20/06/23 11:00:00,A,NR,MWAY,CY,2020,4,
ESTAT:TRAN_SF_ROADRO(1.0),20/06/23 11:00:00,A,NR,MWAY,CZ,2012,22,
ESTAT:TRAN_SF_ROADRO(1.0),20/06/23 11:00:00,A,NR,MWAY,CZ,2013,25,
ESTAT:TRAN_SF_ROADRO(1.0),20/06/23 11:00:00,A,NR,MWAY,CZ,2014,23,
ESTAT:TRAN_SF_ROADRO(1.0),20/06/23 11:00:00,A,NR,MWAY,CZ,2015,31,
ESTAT:TRAN_SF_ROADRO(1.0),20/06/23 11:00:00,A,NR,MWAY,CZ,2016,40,
ESTAT:TRAN_SF_ROADRO(1.0),20/06/23 11:00:00,A,NR,MWAY,CZ,2017,25,
ESTAT:TRAN_SF_ROADRO(1.0),20/06/23 11:00:00,A,NR,MWAY,CZ,2018,35,
ESTAT:TRAN_SF_ROADRO(1.0),20/06/23 11:00:00,A,NR,MWAY,CZ,2019,31,
ESTAT:TRAN_SF_ROADRO(1.0),20/06/23 11:00:00,A,NR,MWAY,CZ,2020,32,
ESTAT:TRAN_SF_ROADRO(1.0),20/06/23 11:00:00,A,NR,MWAY,CZ,2021,22,
ESTAT:TRAN_SF_ROADRO(1.0),20/06/23 11:00:00,A,NR,MWAY,DE,2012,387,
ESTAT:TRAN_SF_ROADRO(1.0),20/06/23 11:00:00,A,NR,MWAY,DE,2013,428,
ESTAT:TRAN_SF_ROADRO(1.0),20/06/23 11:00:00,A,NR,MWAY,DE,2014,375,
ESTAT:TRAN_SF_ROADRO(1.0),20/06/23 11:00:00,A,NR,MWAY,DE,2015,414,
ESTAT:TRAN_SF_ROADRO(1.0),20/06/23 11:00:00,A,NR,MWAY,DE,2016,393,
ESTAT:TRAN_SF_ROADRO(1.0),20/06/23 11:00:00,A,NR,MWAY,DE,2017,409,
ESTAT:TRAN_SF_ROADRO(1.0),20/06/23 11:00:00,A,NR,MWAY,DE,2018,424,
ESTAT:TRAN_SF_ROADRO(1.0),20/06/23 11:00:00,A,NR,MWAY,DE,2019,356,
ESTAT:TRAN_SF_ROADRO(1.0),20/06/23 11:00:00,A,NR,MWAY,DE,2020,317,
ESTAT:TRAN_SF_ROADRO(1.0),20/06/23 11:00:00,A,NR,MWAY,DE,2021,318,
ESTAT:TRAN_SF_ROADRO(1.0),20/06/23 11:00:00,A,NR,MWAY,DK,2012,8,
ESTAT:TRAN_SF_ROADRO(1.0),20/06/23 11:00:00,A,NR,MWAY,DK,2013,12,
ESTAT:TRAN_SF_ROADRO(1.0),20/06/23 11:00:00,A,NR,MWAY,DK,2014,14,
ESTAT:TRAN_SF_ROADRO(1.0),20/06/23 11:00:00,A,NR,MWAY,DK,2015,16,
ESTAT:TRAN_SF_ROADRO(1.0),20/06/23 11:00:00,A,NR,MWAY,DK,2016,25,
ESTAT:TRAN_SF_ROADRO(1.0),20/06/23 11:00:00,A,NR,MWAY,DK,2017,12,
ESTAT:TRAN_SF_ROADRO(1.0),20/06/23 11:00:00,A,NR,MWAY,DK,2018,21,
ESTAT:TRAN_SF_ROADRO(1.0),20/06/23 11:00:00,A,NR,MWAY,DK,2019,14,
ESTAT:TRAN_SF_ROADRO(1.0),20/06/23 11:00:00,A,NR,MWAY,DK,2020,14,
ESTAT:TRAN_SF_ROADRO(1.0),20/06/23 11:00:00,A,NR,MWAY,DK,2021,11,
ESTAT:TRAN_SF_ROADRO(1.0),20/06/23 11:00:00,A,NR,MWAY,EL,2012,57,
ESTAT:TRAN_SF_ROADRO(1.0),20/06/23 11:00:00,A,NR,MWAY,EL,2013,79,
ESTAT:TRAN_SF_ROADRO(1.0),20/06/23 11:00:00,A,NR,MWAY,EL,2014,56,
ESTAT:TRAN_SF_ROADRO(1.0),20/06/23 11:00:00,A,NR,MWAY,EL,2015,53,
ESTAT:TRAN_SF_ROADRO(1.0),20/06/23 11:00:00,A,NR,MWAY,EL,2016,45,
ESTAT:TRAN_SF_ROADRO(1.0),20/06/23 11:00:00,A,NR,MWAY,EL,2017,54,
ESTAT:TRAN_SF_ROADRO(1.0),20/06/23 11:00:00,A,NR,MWAY,EL,2018,61,
ESTAT:TRAN_SF_ROADRO(1.0),20/06/23 11:00:00,A,NR,MWAY,EL,2019,50,
ESTAT:TRAN_SF_ROADRO(1.0),20/06/23 11:00:00,A,NR,MWAY,EL,2020,34,
ESTAT:TRAN_SF_ROADRO(1.0),20/06/23 11:00:00,A,NR,MWAY,EL,2021,38,
ESTAT:TRAN_SF_ROADRO(1.0),20/06/23 11:00:00,A,NR,MWAY,ES,2012,297,
ESTAT:TRAN_SF_ROADRO(1.0),20/06/23 11:00:00,A,NR,MWAY,ES,2013,290,
ESTAT:TRAN_SF_ROADRO(1.0),20/06/23 11:00:00,A,NR,MWAY,ES,2014,289,
ESTAT:TRAN_SF_ROADRO(1.0),20/06/23 11:00:00,A,NR,MWAY,ES,2015,277,
ESTAT:TRAN_SF_ROADRO(1.0),20/06/23 11:00:00,A,NR,MWAY,ES,2016,327,
ESTAT:TRAN_SF_ROADRO(1.0),20/06/23 11:00:00,A,NR,MWAY,ES,2017,308,
ESTAT:TRAN_SF_ROADRO(1.0),20/06/23 11:00:00,A,NR,MWAY,ES,2018,323,
ESTAT:TRAN_SF_ROADRO(1.0),20/06/23 11:00:00,A,NR,MWAY,ES,2019,340,
ESTAT:TRAN_SF_ROADRO(1.0),20/06/23 11:00:00,A,NR,MWAY,ES,2020,224,
ESTAT:TRAN_SF_ROADRO(1.0),20/06/23 11:00:00,A,NR,MWAY,ES,2021,316,
ESTAT:TRAN_SF_ROADRO(1.0),20/06/23 11:00:00,A,NR,MWAY,EU27_2020,2012,1830,
ESTAT:TRAN_SF_ROADRO(1.0),20/06/23 11:00:00,A,NR,MWAY,EU27_2020,2013,1863,
ESTAT:TRAN_SF_ROADRO(1.0),20/06/23 11:00:00,A,NR,MWAY,EU27_2020,2014,1745,
ESTAT:TRAN_SF_ROADRO(1.0),20/06/23 11:00:00,A,NR,MWAY,EU27_2020,2015,1926,
ESTAT:TRAN_SF_ROADRO(1.0),20/06/23 11:00:00,A,NR,MWAY,EU27_2020,2016,1920,
ESTAT:TRAN_SF_ROADRO(1.0),20/06/23 11:00:00,A,NR,MWAY,EU27_2020,2017,1977,
ESTAT:TRAN_SF_ROADRO(1.0),20/06/23 11:00:00,A,NR,MWAY,EU27_2020,2018,2020,
ESTAT:TRAN_SF_ROADRO(1.0),20/06/23 11:00:00,A,NR,MWAY,EU27_2020,2019,1932,p
ESTAT:TRAN_SF_ROADRO(1.0),20/06/23 11:00:00,A,NR,MWAY,EU27_2020,2020,1468,p
ESTAT:TRAN_SF_ROADRO(1.0),20/06/23 11:00:00,A,NR,MWAY,EU27_2020,2021,1728,p
ESTAT:TRAN_SF_ROADRO(1.0),20/06/23 11:00:00,A,NR,MWAY,FI,2012,13,
ESTAT:TRAN_SF_ROADRO(1.0),20/06/23 11:00:00,A,NR,MWAY,FI,2013,8,
ESTAT:TRAN_SF_ROADRO(1.0),20/06/23 11:00:00,A,NR,MWAY,FI,2014,8,
ESTAT:TRAN_SF_ROADRO(1.0),20/06/23 11:00:00,A,NR,MWAY,FI,2015,6,
ESTAT:TRAN_SF_ROADRO(1.0),20/06/23 11:00:00,A,NR,MWAY,FI,2016,7,
ESTAT:TRAN_SF_ROADRO(1.0),20/06/23 11:00:00,A,NR,MWAY,FI,2017,8,
ESTAT:TRAN_SF_ROADRO(1.0),20/06/23 11:00:00,A,NR,MWAY,FI,2018,5,
ESTAT:TRAN_SF_ROADRO(1.0),20/06/23 11:00:00,A,NR,MWAY,FI,2019,6,
ESTAT:TRAN_SF_ROADRO(1.0),20/06/23 11:00:00,A,NR,MWAY,FI,2020,9,
ESTAT:TRAN_SF_ROADRO(1.0),20/06/23 11:00:00,A,NR,MWAY,FI,2021,8,
ESTAT:TRAN_SF_ROADRO(1.0),20/06/23 11:00:00,A,NR,MWAY,FR,2012,222,
ESTAT:TRAN_SF_ROADRO(1.0),20/06/23 11:00:00,A,NR,MWAY,FR,2013,238,
ESTAT:TRAN_SF_ROADRO(1.0),20/06/23 11:00:00,A,NR,MWAY,FR,2014,220,
ESTAT:TRAN_SF_ROADRO(1.0),20/06/23 11:00:00,A,NR,MWAY,FR,2015,297,
ESTAT:TRAN_SF_ROADRO(1.0),20/06/23 11:00:00,A,NR,MWAY,FR,2016,267,
ESTAT:TRAN_SF_ROADRO(1.0),20/06/23 11:00:00,A,NR,MWAY,FR,2017,281,
ESTAT:TRAN_SF_ROADRO(1.0),20/06/23 11:00:00,A,NR,MWAY,FR,2018,268,
ESTAT:TRAN_SF_ROADRO(1.0),20/06/23 11:00:00,A,NR,MWAY,FR,2019,260,
ESTAT:TRAN_SF_ROADRO(1.0),20/06/23 11:00:00,A,NR,MWAY,FR,2020,196,
ESTAT:TRAN_SF_ROADRO(1.0),20/06/23 11:00:00,A,NR,MWAY,FR,2021,243,
ESTAT:TRAN_SF_ROADRO(1.0),20/06/23 11:00:00,A,NR,MWAY,HR,2012,42,
ESTAT:TRAN_SF_ROADRO(1.0),20/06/23 11:00:00,A,NR,MWAY,HR,2013,38,
ESTAT:TRAN_SF_ROADRO(1.0),20/06/23 11:00:00,A,NR,MWAY,HR,2014,22,
ESTAT:TRAN_SF_ROADRO(1.0),20/06/23 11:00:00,A,NR,MWAY,HR,2015,16,
ESTAT:TRAN_SF_ROADRO(1.0),20/06/23 11:00:00,A,NR,MWAY,HR,2016,34,
ESTAT:TRAN_SF_ROADRO(1.0),20/06/23 11:00:00,A,NR,MWAY,HR,2017,22,
ESTAT:TRAN_SF_ROADRO(1.0),20/06/23 11:00:00,A,NR,MWAY,HR,2018,28,
ESTAT:TRAN_SF_ROADRO(1.0),20/06/23 11:00:00,A,NR,MWAY,HR,2019,18,
ESTAT:TRAN_SF_ROADRO(1.0),20/06/23 11:00:00,A,NR,MWAY,HR,2020,19,
ESTAT:TRAN_SF_ROADRO(1.0),20/06/23 11:00:00,A,NR,MWAY,HR,2021,36,
ESTAT:TRAN_SF_ROADRO(1.0),20/06/23 11:00:00,A,NR,MWAY,HU,2012,31,
ESTAT:TRAN_SF_ROADRO(1.0),20/06/23 11:00:00,A,NR,MWAY,HU,2013,30,
ESTAT:TRAN_SF_ROADRO(1.0),20/06/23 11:00:00,A,NR,MWAY,HU,2014,27,
ESTAT:TRAN_SF_ROADRO(1.0),20/06/23 11:00:00,A,NR,MWAY,HU,2015,34,
ESTAT:TRAN_SF_ROADRO(1.0),20/06/23 11:00:00,A,NR,MWAY,HU,2016,37,
ESTAT:TRAN_SF_ROADRO(1.0),20/06/23 11:00:00,A,NR,MWAY,HU,2017,34,
ESTAT:TRAN_SF_ROADRO(1.0),20/06/23 11:00:00,A,NR,MWAY,HU,2018,46,
ESTAT:TRAN_SF_ROADRO(1.0),20/06/23 11:00:00,A,NR,MWAY,HU,2019,48,
ESTAT:TRAN_SF_ROADRO(1.0),20/06/23 11:00:00,A,NR,MWAY,HU,2020,35,
ESTAT:TRAN_SF_ROADRO(1.0),20/06/23 11:00:00,A,NR,MWAY,HU,2021,58,
ESTAT:TRAN_SF_ROADRO(1.0),20/06/23 11:00:00,A,NR,MWAY,IE,2012,5,
ESTAT:TRAN_SF_ROADRO(1.0),20/06/23 11:00:00,A,NR,MWAY,IE,2013,8,
ESTAT:TRAN_SF_ROADRO(1.0),20/06/23 11:00:00,A,NR,MWAY,IE,2014,5,
ESTAT:TRAN_SF_ROADRO(1.0),20/06/23 11:00:00,A,NR,MWAY,IE,2015,7,
ESTAT:TRAN_SF_ROADRO(1.0),20/06/23 11:00:00,A,NR,MWAY,IE,2016,6,
ESTAT:TRAN_SF_ROADRO(1.0),20/06/23 11:00:00,A,NR,MWAY,IE,2017,4,
ESTAT:TRAN_SF_ROADRO(1.0),20/06/23 11:00:00,A,NR,MWAY,IE,2018,9,
ESTAT:TRAN_SF_ROADRO(1.0),20/06/23 11:00:00,A,NR,MWAY,IT,2012,330,
ESTAT:TRAN_SF_ROADRO(1.0),20/06/23 11:00:00,A,NR,MWAY,IT,2013,321,
ESTAT:TRAN_SF_ROADRO(1.0),20/06/23 11:00:00,A,NR,MWAY,IT,2014,287,
ESTAT:TRAN_SF_ROADRO(1.0),20/06/23 11:00:00,A,NR,MWAY,IT,2015,305,
ESTAT:TRAN_SF_ROADRO(1.0),20/06/23 11:00:00,A,NR,MWAY,IT,2016,274,
ESTAT:TRAN_SF_ROADRO(1.0),20/06/23 11:00:00,A,NR,MWAY,IT,2017,296,
ESTAT:TRAN_SF_ROADRO(1.0),20/06/23 11:00:00,A,NR,MWAY,IT,2018,330,
ESTAT:TRAN_SF_ROADRO(1.0),20/06/23 11:00:00,A,NR,MWAY,IT,2019,310,
ESTAT:TRAN_SF_ROADRO(1.0),20/06/23 11:00:00,A,NR,MWAY,IT,2020,195,
ESTAT:TRAN_SF_ROADRO(1.0),20/06/23 11:00:00,A,NR,MWAY,IT,2021,246,
ESTAT:TRAN_SF_ROADRO(1.0),20/06/23 11:00:00,A,NR,MWAY,LT,2016,37,
ESTAT:TRAN_SF_ROADRO(1.0),20/06/23 11:00:00,A,NR,MWAY,LT,2017,12,
ESTAT:TRAN_SF_ROADRO(1.0),20/06/23 11:00:00,A,NR,MWAY,LT,2018,4,
ESTAT:TRAN_SF_ROADRO(1.0),20/06/23 11:00:00,A,NR,MWAY,LT,2019,6,
ESTAT:TRAN_SF_ROADRO(1.0),20/06/23 11:00:00,A,NR,MWAY,LT,2020,4,
ESTAT:TRAN_SF_ROADRO(1.0),20/06/23 11:00:00,A,NR,MWAY,LT,2021,10,
ESTAT:TRAN_SF_ROADRO(1.0),20/06/23 11:00:00,A,NR,MWAY,LU,2012,7,
ESTAT:TRAN_SF_ROADRO(1.0),20/06/23 11:00:00,A,NR,MWAY,LU,2013,6,
ESTAT:TRAN_SF_ROADRO(1.0),20/06/23 11:00:00,A,NR,MWAY,LU,2014,3,
ESTAT:TRAN_SF_ROADRO(1.0),20/06/23 11:00:00,A,NR,MWAY,LU,2015,3,
ESTAT:TRAN_SF_ROADRO(1.0),20/06/23 11:00:00,A,NR,MWAY,LU,2016,5,
ESTAT:TRAN_SF_ROADRO(1.0),20/06/23 11:00:00,A,NR,MWAY,LU,2017,3,
ESTAT:TRAN_SF_ROADRO(1.0),20/06/23 11:00:00,A,NR,MWAY,LU,2018,9,
ESTAT:TRAN_SF_ROADRO(1.0),20/06/23 11:00:00,A,NR,MWAY,LU,2019,3,
ESTAT:TRAN_SF_ROADRO(1.0),20/06/23 11:00:00,A,NR,MWAY,LU,2020,6,
ESTAT:TRAN_SF_ROADRO(1.0),20/06/23 11:00:00,A,NR,MWAY,LU,2021,1,
ESTAT:TRAN_SF_ROADRO(1.0),20/06/23 11:00:00,A,NR,MWAY,NL,2012,68,
ESTAT:TRAN_SF_ROADRO(1.0),20/06/23 11:00:00,A,NR,MWAY,NL,2013,57,
ESTAT:TRAN_SF_ROADRO(1.0),20/06/23 11:00:00,A,NR,MWAY,NL,2014,57,
ESTAT:TRAN_SF_ROADRO(1.0),20/06/23 11:00:00,A,NR,MWAY,NL,2015,79,
ESTAT:TRAN_SF_ROADRO(1.0),20/06/23 11:00:00,A,NR,MWAY,NL,2016,77,
ESTAT:TRAN_SF_ROADRO(1.0),20/06/23 11:00:00,A,NR,MWAY,NL,2017,82,
ESTAT:TRAN_SF_ROADRO(1.0),20/06/23 11:00:00,A,NR,MWAY,NL,2018,76,
ESTAT:TRAN_SF_ROADRO(1.0),20/06/23 11:00:00,A,NR,MWAY,NL,2019,75,
ESTAT:TRAN_SF_ROADRO(1.0),20/06/23 11:00:00,A,NR,MWAY,NL,2020,55,
ESTAT:TRAN_SF_ROADRO(1.0),20/06/23 11:00:00,A,NR,MWAY,NL,2021,47,
ESTAT:TRAN_SF_ROADRO(1.0),20/06/23 11:00:00,A,NR,MWAY,PL,2012,44,
ESTAT:TRAN_SF_ROADRO(1.0),20/06/23 11:00:00,A,NR,MWAY,PL,2013,40,
ESTAT:TRAN_SF_ROADRO(1.0),20/06/23 11:00:00,A,NR,MWAY,PL,2014,56,
ESTAT:TRAN_SF_ROADRO(1.0),20/06/23 11:00:00,A,NR,MWAY,PL,2015,61,
ESTAT:TRAN_SF_ROADRO(1.0),20/06/23 11:00:00,A,NR,MWAY,PL,2016,50,
ESTAT:TRAN_SF_ROADRO(1.0),20/06/23 11:00:00,A,NR,MWAY,PL,2017,70,
ESTAT:TRAN_SF_ROADRO(1.0),20/06/23 11:00:00,A,NR,MWAY,PL,2018,52,
ESTAT:TRAN_SF_ROADRO(1.0),20/06/23 11:00:00,A,NR,MWAY,PL,2019,70,
ESTAT:TRAN_SF_ROADRO(1.0),20/06/23 11:00:00,A,NR,MWAY,PL,2020,55,
ESTAT:TRAN_SF_ROADRO(1.0),20/06/23 11:00:00,A,NR,MWAY,PL,2021,74,
ESTAT:TRAN_SF_ROADRO(1.0),20/06/23 11:00:00,A,NR,MWAY,PT,2012,58,
ESTAT:TRAN_SF_ROADRO(1.0),20/06/23 11:00:00,A,NR,MWAY,PT,2013,44,
ESTAT:TRAN_SF_ROADRO(1.0),20/06/23 11:00:00,A,NR,MWAY,PT,2014,50,
ESTAT:TRAN_SF_ROADRO(1.0),20/06/23 11:00:00,A,NR,MWAY,PT,2015,61,
ESTAT:TRAN_SF_ROADRO(1.0),20/06/23 11:00:00,A,NR,MWAY,PT,2016,38,
ESTAT:TRAN_SF_ROADRO(1.0),20/06/23 11:00:00,A,NR,MWAY,PT,2017,51,
ESTAT:TRAN_SF_ROADRO(1.0),20/06/23 11:00:00,A,NR,MWAY,PT,2018,57,
ESTAT:TRAN_SF_ROADRO(1.0),20/06/23 11:00:00,A,NR,MWAY,PT,2019,67,
ESTAT:TRAN_SF_ROADRO(1.0),20/06/23 11:00:00,A,NR,MWAY,PT,2020,59,
ESTAT:TRAN_SF_ROADRO(1.0),20/06/23 11:00:00,A,NR,MWAY,PT,2021,44,
ESTAT:TRAN_SF_ROADRO(1.0),20/06/23 11:00:00,A,NR,MWAY,RO,2012,17,
ESTAT:TRAN_SF_ROADRO(1.0),20/06/23 11:00:00,A,NR,MWAY,RO,2013,24,
ESTAT:TRAN_SF_ROADRO(1.0),20/06/23 11:00:00,A,NR,MWAY,RO,2014,21,
ESTAT:TRAN_SF_ROADRO(1.0),20/06/23 11:00:00,A,NR,MWAY,RO,2015,19,
ESTAT:TRAN_SF_ROADRO(1.0),20/06/23 11:00:00,A,NR,MWAY,RO,2016,26,
ESTAT:TRAN_SF_ROADRO(1.0),20/06/23 11:00:00,A,NR,MWAY,RO,2017,36,
ESTAT:TRAN_SF_ROADRO(1.0),20/06/23 11:00:00,A,NR,MWAY,RO,2018,24,
ESTAT:TRAN_SF_ROADRO(1.0),20/06/23 11:00:00,A,NR,MWAY,RO,2019,43,
ESTAT:TRAN_SF_ROADRO(1.0),20/06/23 11:00:00,A,NR,MWAY,RO,2020,33,
ESTAT:TRAN_SF_ROADRO(1.0),20/06/23 11:00:00,A,NR,MWAY,RO,2021,40,
ESTAT:TRAN_SF_ROADRO(1.0),20/06/23 11:00:00,A,NR,MWAY,SE,2012,16,
ESTAT:TRAN_SF_ROADRO(1.0),20/06/23 11:00:00,A,NR,MWAY,SE,2013,18,
ESTAT:TRAN_SF_ROADRO(1.0),20/06/23 11:00:00,A,NR,MWAY,SE,2014,31,
ESTAT:TRAN_SF_ROADRO(1.0),20/06/23 11:00:00,A,NR,MWAY,SE,2015,15,
ESTAT:TRAN_SF_ROADRO(1.0),20/06/23 11:00:00,A,NR,MWAY,SE,2016,17,
ESTAT:TRAN_SF_ROADRO(1.0),20/06/23 11:00:00,A,NR,MWAY,SE,2017,20,
ESTAT:TRAN_SF_ROADRO(1.0),20/06/23 11:00:00,A,NR,MWAY,SE,2018,24,
ESTAT:TRAN_SF_ROADRO(1.0),20/06/23 11:00:00,A,NR,MWAY,SE,2019,20,
ESTAT:TRAN_SF_ROADRO(1.0),20/06/23 11:00:00,A,NR,MWAY,SE,2020,6,
ESTAT:TRAN_SF_ROADRO(1.0),20/06/23 11:00:00,A,NR,MWAY,SI,2012,20,
ESTAT:TRAN_SF_ROADRO(1.0),20/06/23 11:00:00,A,NR,MWAY,SI,2013,16,
ESTAT:TRAN_SF_ROADRO(1.0),20/06/23 11:00:00,A,NR,MWAY,SI,2014,15,
ESTAT:TRAN_SF_ROADRO(1.0),20/06/23 11:00:00,A,NR,MWAY,SI,2015,15,
ESTAT:TRAN_SF_ROADRO(1.0),20/06/23 11:00:00,A,NR,MWAY,SI,2016,25,
ESTAT:TRAN_SF_ROADRO(1.0),20/06/23 11:00:00,A,NR,MWAY,SI,2017,19,
ESTAT:TRAN_SF_ROADRO(1.0),20/06/23 11:00:00,A,NR,MWAY,SI,2018,14,
ESTAT:TRAN_SF_ROADRO(1.0),20/06/23 11:00:00,A,NR,MWAY,SI,2019,14,
ESTAT:TRAN_SF_ROADRO(1.0),20/06/23 11:00:00,A,NR,MWAY,SI,2020,6,
ESTAT:TRAN_SF_ROADRO(1.0),20/06/23 11:00:00,A,NR,MWAY,SI,2021,15,
ESTAT:TRAN_SF_ROADRO(1.0),20/06/23 11:00:00,A,NR,MWAY,SK,2016,11,
ESTAT:TRAN_SF_ROADRO(1.0),20/06/23 11:00:00,A,NR,MWAY,SK,2017,21,
ESTAT:TRAN_SF_ROADRO(1.0),20/06/23 11:00:00,A,NR,MWAY,SK,2018,14,
ESTAT:TRAN_SF_ROADRO(1.0),20/06/23 11:00:00,A,NR,MWAY,SK,2019,8,
ESTAT:TRAN_SF_ROADRO(1.0),20/06/23 11:00:00,A,NR,MWAY,SK,2020,18,
ESTAT:TRAN_SF_ROADRO(1.0),20/06/23 11:00:00,A,NR,MWAY,SK,2021,12,
ESTAT:TRAN_SF_ROADRO(1.0),20/06/23 11:00:00,A,NR,MWAY,UK,2012,84,
ESTAT:TRAN_SF_ROADRO(1.0),20/06/23 11:00:00,A,NR,MWAY,UK,2013,93,
ESTAT:TRAN_SF_ROADRO(1.0),20/06/23 11:00:00,A,NR,MWAY,UK,2014,81,
ESTAT:TRAN_SF_ROADRO(1.0),20/06/23 11:00:00,A,NR,MWAY,UK,2015,93,
ESTAT:TRAN_SF_ROADRO(1.0),20/06/23 11:00:00,A,NR,MWAY,UK,2016,91,
ESTAT:TRAN_SF_ROADRO(1.0),20/06/23 11:00:00,A,NR,MWAY,UK,2017,82,
ESTAT:TRAN_SF_ROADRO(1.0),20/06/23 11:00:00,A,NR,MWAY,UK,2018,99,
