DATAFLOW,LAST UPDATE,freq,unit,geo,TIME_PERIOD,OBS_VALUE,OBS_FLAG
ESTAT:TRAN_SF_ROADNU(1.0),20/06/23 11:00:00,A,NR,AT,2013,38502,
ESTAT:TRAN_SF_ROADNU(1.0),20/06/23 11:00:00,A,NR,AT,2014,37957,
ESTAT:TRAN_SF_ROADNU(1.0),20/06/23 11:00:00,A,NR,AT,2015,37960,
ESTAT:TRAN_SF_ROADNU(1.0),20/06/23 11:00:00,A,NR,AT,2016,38466,
ESTAT:TRAN_SF_ROADNU(1.0),20/06/23 11:00:00,A,NR,AT,2017,37402,
ESTAT:TRAN_SF_ROADNU(1.0),20/06/23 11:00:00,A,NR,AT,2018,36846,
ESTAT:TRAN_SF_ROADNU(1.0),20/06/23 11:00:00,A,NR,AT,2019,35736,
ESTAT:TRAN_SF_ROADNU(1.0),20/06/23 11:00:00,A,NR,AT,2020,30670,
ESTAT:TRAN_SF_ROADNU(1.0),20/06/23 11:00:00,A,NR,AT,2021,32774,
ESTAT:TRAN_SF_ROADNU(1.0),20/06/23 11:00:00,A,NR,BE,2013,41347,
ESTAT:TRAN_SF_ROADNU(1.0),20/06/23 11:00:00,A,NR,BE,2014,41474,
ESTAT:TRAN_SF_ROADNU(1.0),20/06/23 11:00:00,A,NR,BE,2015,40300,
ESTAT:TRAN_SF_ROADNU(1.0),20/06/23 11:00:00,A,NR,BE,2016,40123,
ESTAT:TRAN_SF_ROADNU(1.0),20/06/23 11:00:00,A,NR,BE,2017,38025,
ESTAT:TRAN_SF_ROADNU(1.0),20/06/23 11:00:00,A,NR,BE,2018,38455,
ESTAT:TRAN_SF_ROADNU(1.0),20/06/23 11:00:00,A,NR,BE,2019,37699,
ESTAT:TRAN_SF_ROADNU(1.0),20/06/23 11:00:00,A,NR,BE,2020,30232,
ESTAT:TRAN_SF_ROADNU(1.0),20/06/23 11:00:00,A,NR,BE,2021,34640,
ESTAT:TRAN_SF_ROADNU(1.0),20/06/23 11:00:00,A,NR,BG,2013,7016,
ESTAT:TRAN_SF_ROADNU(1.0),20/06/23 11:00:00,A,NR,BG,2014,7019,
ESTAT:TRAN_SF_ROADNU(1.0),20/06/23 11:00:00,A,NR,BG,2015,7226,
ESTAT:TRAN_SF_ROADNU(1.0),20/06/23 11:00:00,A,NR,BG,2016,7404,
ESTAT:TRAN_SF_ROADNU(1.0),20/06/23 11:00:00,A,NR,BG,2017,6888,
ESTAT:TRAN_SF_ROADNU(1.0),20/06/23 11:00:00,A,NR,BG,2018,6684,
ESTAT:TRAN_SF_ROADNU(1.0),20/06/23 11:00:00,A,NR,BG,2019,6730,
ESTAT:TRAN_SF_ROADNU(1.0),20/06/23 11:00:00,A,NR,BG,2020,5710,
ESTAT:TRAN_SF_ROADNU(1.0),20/06/23 11:00:00,A,NR,BG,2021,6080,
ESTAT:TRAN_SF_ROADNU(1.0),20/06/23 11:00:00,A,NR,CH,2013,17473,
ESTAT:TRAN_SF_ROADNU(1.0),20/06/23 11:00:00,A,NR,CH,2014,17803,
ESTAT:TRAN_SF_ROADNU(1.0),20/06/23 11:00:00,A,NR,CH,2015,17736,
ESTAT:TRAN_SF_ROADNU(1.0),20/06/23 11:00:00,A,NR,CH,2016,17577,
ESTAT:TRAN_SF_ROADNU(1.0),20/06/23 11:00:00,A,NR,CH,2017,17799,
ESTAT:TRAN_SF_ROADNU(1.0),20/06/23 11:00:00,A,NR,CH,2018,18033,
ESTAT:TRAN_SF_ROADNU(1.0),20/06/23 11:00:00,A,NR,CH,2019,17761,
ESTAT:TRAN_SF_ROADNU(1.0),20/06/23 11:00:00,A,NR,CH,2020,16897,
ESTAT:TRAN_SF_ROADNU(1.0),20/06/23 11:00:00,A,NR,CH,2021,17436,
ESTAT:TRAN_SF_ROADNU(1.0),20/06/23 11:00:00,A,NR,CY,2013,774,
ESTAT:TRAN_SF_ROADNU(1.0),20/06/23 11:00:00,A,NR,CY,2014,758,
ESTAT:TRAN_SF_ROADNU(1.0),20/06/23 11:00:00,A,NR,CY,2015,660,
ESTAT:TRAN_SF_ROADNU(1.0),20/06/23 11:00:00,A,NR,CY,2016,650,
ESTAT:TRAN_SF_ROADNU(1.0),20/06/23 11:00:00,A,NR,CY,2017,608,
ESTAT:TRAN_SF_ROADNU(1.0),20/06/23 11:00:00,A,NR,CY,2018,499,
ESTAT:TRAN_SF_ROADNU(1.0),20/06/23 11:00:00,A,NR,CY,2019,490,
ESTAT:TRAN_SF_ROADNU(1.0),20/06/23 11:00:00,A,NR,CY,2020,341,
ESTAT:TRAN_SF_ROADNU(1.0),20/06/23 11:00:00,A,NR,CY,2021,0,
ESTAT:TRAN_SF_ROADNU(1.0),20/06/23 11:00:00,A,NR,CZ,2013,20342,
ESTAT:TRAN_SF_ROADNU(1.0),20/06/23 11:00:00,A,NR,CZ,2014,21054,
ESTAT:TRAN_SF_ROADNU(1.0),20/06/23 11:00:00,A,NR,CZ,2015,21561,
ESTAT:TRAN_SF_ROADNU(1.0),20/06/23 11:00:00,A,NR,CZ,2016,21387,
ESTAT:TRAN_SF_ROADNU(1.0),20/06/23 11:00:00,A,NR,CZ,2017,21263,
ESTAT:TRAN_SF_ROADNU(1.0),20/06/23 11:00:00,A,NR,CZ,2018,21890,
ESTAT:TRAN_SF_ROADNU(1.0),20/06/23 11:00:00,A,NR,CZ,2019,20806,
ESTAT:TRAN_SF_ROADNU(1.0),20/06/23 11:00:00,A,NR,CZ,2020,18419,
ESTAT:TRAN_SF_ROADNU(1.0),20/06/23 11:00:00,A,NR,CZ,2021,18156,
ESTAT:TRAN_SF_ROADNU(1.0),20/06/23 11:00:00,A,NR,DE,2013,291105,
ESTAT:TRAN_SF_ROADNU(1.0),20/06/23 11:00:00,A,NR,DE,2014,302435,
ESTAT:TRAN_SF_ROADNU(1.0),20/06/23 11:00:00,A,NR,DE,2015,305659,
ESTAT:TRAN_SF_ROADNU(1.0),20/06/23 11:00:00,A,NR,DE,2016,308145,
ESTAT:TRAN_SF_ROADNU(1.0),20/06/23 11:00:00,A,NR,DE,2017,302656,
ESTAT:TRAN_SF_ROADNU(1.0),20/06/23 11:00:00,A,NR,DE,2018,308721,
ESTAT:TRAN_SF_ROADNU(1.0),20/06/23 11:00:00,A,NR,DE,2019,300143,
ESTAT:TRAN_SF_ROADNU(1.0),20/06/23 11:00:00,A,NR,DE,2020,264499,
ESTAT:TRAN_SF_ROADNU(1.0),20/06/23 11:00:00,A,NR,DE,2021,258987,
ESTAT:TRAN_SF_ROADNU(1.0),20/06/23 11:00:00,A,NR,DK,2013,2984,
ESTAT:TRAN_SF_ROADNU(1.0),20/06/23 11:00:00,A,NR,DK,2014,2881,
ESTAT:TRAN_SF_ROADNU(1.0),20/06/23 11:00:00,A,NR,DK,2015,2853,
ESTAT:TRAN_SF_ROADNU(1.0),20/06/23 11:00:00,A,NR,DK,2016,2882,
ESTAT:TRAN_SF_ROADNU(1.0),20/06/23 11:00:00,A,NR,DK,2017,2789,
ESTAT:TRAN_SF_ROADNU(1.0),20/06/23 11:00:00,A,NR,DK,2018,2964,
ESTAT:TRAN_SF_ROADNU(1.0),20/06/23 11:00:00,A,NR,DK,2019,2808,
ESTAT:TRAN_SF_ROADNU(1.0),20/06/23 11:00:00,A,NR,DK,2020,2527,
ESTAT:TRAN_SF_ROADNU(1.0),20/06/23 11:00:00,A,NR,DK,2021,2402,
ESTAT:TRAN_SF_ROADNU(1.0),20/06/23 11:00:00,A,NR,EE,2013,1382,
ESTAT:TRAN_SF_ROADNU(1.0),20/06/23 11:00:00,A,NR,EE,2014,1436,
ESTAT:TRAN_SF_ROADNU(1.0),20/06/23 11:00:00,A,NR,EE,2015,1391,
ESTAT:TRAN_SF_ROADNU(1.0),20/06/23 11:00:00,A,NR,EE,2016,1467,
ESTAT:TRAN_SF_ROADNU(1.0),20/06/23 11:00:00,A,NR,EE,2017,1405,
ESTAT:TRAN_SF_ROADNU(1.0),20/06/23 11:00:00,A,NR,EE,2018,1474,
ESTAT:TRAN_SF_ROADNU(1.0),20/06/23 11:00:00,A,NR,EE,2019,1413,
ESTAT:TRAN_SF_ROADNU(1.0),20/06/23 11:00:00,A,NR,EE,2020,1409,
ESTAT:TRAN_SF_ROADNU(1.0),20/06/23 11:00:00,A,NR,EE,2021,1538,
ESTAT:TRAN_SF_ROADNU(1.0),20/06/23 11:00:00,A,NR,EL,2013,12109,
ESTAT:TRAN_SF_ROADNU(1.0),20/06/23 11:00:00,A,NR,EL,2014,11690,
ESTAT:TRAN_SF_ROADNU(1.0),20/06/23 11:00:00,A,NR,EL,2015,11440,
ESTAT:TRAN_SF_ROADNU(1.0),20/06/23 11:00:00,A,NR,EL,2016,11318,
ESTAT:TRAN_SF_ROADNU(1.0),20/06/23 11:00:00,A,NR,EL,2017,10848,
ESTAT:TRAN_SF_ROADNU(1.0),20/06/23 11:00:00,A,NR,EL,2018,10737,
ESTAT:TRAN_SF_ROADNU(1.0),20/06/23 11:00:00,A,NR,EL,2019,10712,
ESTAT:TRAN_SF_ROADNU(1.0),20/06/23 11:00:00,A,NR,EL,2020,9083,
ESTAT:TRAN_SF_ROADNU(1.0),20/06/23 11:00:00,A,NR,EL,2021,10454,
ESTAT:TRAN_SF_ROADNU(1.0),20/06/23 11:00:00,A,NR,ES,2013,89519,
ESTAT:TRAN_SF_ROADNU(1.0),20/06/23 11:00:00,A,NR,ES,2014,91570,
ESTAT:TRAN_SF_ROADNU(1.0),20/06/23 11:00:00,A,NR,ES,2015,97756,
ESTAT:TRAN_SF_ROADNU(1.0),20/06/23 11:00:00,A,NR,ES,2016,102362,
ESTAT:TRAN_SF_ROADNU(1.0),20/06/23 11:00:00,A,NR,ES,2017,102233,
ESTAT:TRAN_SF_ROADNU(1.0),20/06/23 11:00:00,A,NR,ES,2018,102299,
ESTAT:TRAN_SF_ROADNU(1.0),20/06/23 11:00:00,A,NR,ES,2019,104080,
ESTAT:TRAN_SF_ROADNU(1.0),20/06/23 11:00:00,A,NR,ES,2020,72959,
ESTAT:TRAN_SF_ROADNU(1.0),20/06/23 11:00:00,A,NR,ES,2021,89862,
ESTAT:TRAN_SF_ROADNU(1.0),20/06/23 11:00:00,A,NR,FI,2013,5334,
ESTAT:TRAN_SF_ROADNU(1.0),20/06/23 11:00:00,A,NR,FI,2014,5299,
ESTAT:TRAN_SF_ROADNU(1.0),20/06/23 11:00:00,A,NR,FI,2015,5185,
ESTAT:TRAN_SF_ROADNU(1.0),20/06/23 11:00:00,A,NR,FI,2016,4752,
ESTAT:TRAN_SF_ROADNU(1.0),20/06/23 11:00:00,A,NR,FI,2017,4432,
ESTAT:TRAN_SF_ROADNU(1.0),20/06/23 11:00:00,A,NR,FI,2018,4312,
ESTAT:TRAN_SF_ROADNU(1.0),20/06/23 11:00:00,A,NR,FI,2019,4002,
ESTAT:TRAN_SF_ROADNU(1.0),20/06/23 11:00:00,A,NR,FI,2020,3608,
ESTAT:TRAN_SF_ROADNU(1.0),20/06/23 11:00:00,A,NR,FI,2021,3243,
ESTAT:TRAN_SF_ROADNU(1.0),20/06/23 11:00:00,A,NR,FR,2013,56812,
ESTAT:TRAN_SF_ROADNU(1.0),20/06/23 11:00:00,A,NR,FR,2014,58191,
ESTAT:TRAN_SF_ROADNU(1.0),20/06/23 11:00:00,A,NR,FR,2015,56600,
ESTAT:TRAN_SF_ROADNU(1.0),20/06/23 11:00:00,A,NR,FR,2016,57515,
ESTAT:TRAN_SF_ROADNU(1.0),20/06/23 11:00:00,A,NR,FR,2017,58609,
ESTAT:TRAN_SF_ROADNU(1.0),20/06/23 11:00:00,A,NR,FR,2018,55762,
ESTAT:TRAN_SF_ROADNU(1.0),20/06/23 11:00:00,A,NR,FR,2019,56006,
ESTAT:TRAN_SF_ROADNU(1.0),20/06/23 11:00:00,A,NR,FR,2020,45117,
ESTAT:TRAN_SF_ROADNU(1.0),20/06/23 11:00:00,A,NR,FR,2021,53521,
ESTAT:TRAN_SF_ROADNU(1.0),20/06/23 11:00:00,A,NR,HR,2013,11228,
ESTAT:TRAN_SF_ROADNU(1.0),20/06/23 11:00:00,A,NR,HR,2014,10607,
ESTAT:TRAN_SF_ROADNU(1.0),20/06/23 11:00:00,A,NR,HR,2015,11038,
ESTAT:TRAN_SF_ROADNU(1.0),20/06/23 11:00:00,A,NR,HR,2016,10779,
ESTAT:TRAN_SF_ROADNU(1.0),20/06/23 11:00:00,A,NR,HR,2017,10939,
ESTAT:TRAN_SF_ROADNU(1.0),20/06/23 11:00:00,A,NR,HR,2018,10450,
ESTAT:TRAN_SF_ROADNU(1.0),20/06/23 11:00:00,A,NR,HR,2019,9694,
ESTAT:TRAN_SF_ROADNU(1.0),20/06/23 11:00:00,A,NR,HR,2020,7709,
ESTAT:TRAN_SF_ROADNU(1.0),20/06/23 11:00:00,A,NR,HR,2021,9146,
ESTAT:TRAN_SF_ROADNU(1.0),20/06/23 11:00:00,A,NR,HU,2013,15691,
ESTAT:TRAN_SF_ROADNU(1.0),20/06/23 11:00:00,A,NR,HU,2014,15847,
ESTAT:TRAN_SF_ROADNU(1.0),20/06/23 11:00:00,A,NR,HU,2015,16331,
ESTAT:TRAN_SF_ROADNU(1.0),20/06/23 11:00:00,A,NR,HU,2016,16627,
ESTAT:TRAN_SF_ROADNU(1.0),20/06/23 11:00:00,A,NR,HU,2017,16489,
ESTAT:TRAN_SF_ROADNU(1.0),20/06/23 11:00:00,A,NR,HU,2018,16951,
ESTAT:TRAN_SF_ROADNU(1.0),20/06/23 11:00:00,A,NR,HU,2019,16627,
ESTAT:TRAN_SF_ROADNU(1.0),20/06/23 11:00:00,A,NR,HU,2020,13778,
ESTAT:TRAN_SF_ROADNU(1.0),20/06/23 11:00:00,A,NR,HU,2021,14233,
ESTAT:TRAN_SF_ROADNU(1.0),20/06/23 11:00:00,A,NR,IE,2013,4976,
ESTAT:TRAN_SF_ROADNU(1.0),20/06/23 11:00:00,A,NR,IE,2014,5796,
ESTAT:TRAN_SF_ROADNU(1.0),20/06/23 11:00:00,A,NR,IE,2015,5831,
ESTAT:TRAN_SF_ROADNU(1.0),20/06/23 11:00:00,A,NR,IE,2016,5877,
ESTAT:TRAN_SF_ROADNU(1.0),20/06/23 11:00:00,A,NR,IE,2017,6004,
ESTAT:TRAN_SF_ROADNU(1.0),20/06/23 11:00:00,A,NR,IE,2018,6057,
ESTAT:TRAN_SF_ROADNU(1.0),20/06/23 11:00:00,A,NR,IE,2019,0,
ESTAT:TRAN_SF_ROADNU(1.0),20/06/23 11:00:00,A,NR,IE,2020,0,
ESTAT:TRAN_SF_ROADNU(1.0),20/06/23 11:00:00,A,NR,IE,2021,0,
ESTAT:TRAN_SF_ROADNU(1.0),20/06/23 11:00:00,A,NR,IS,2013,822,
ESTAT:TRAN_SF_ROADNU(1.0),20/06/23 11:00:00,A,NR,IS,2014,808,
ESTAT:TRAN_SF_ROADNU(1.0),20/06/23 11:00:00,A,NR,IS,2015,912,
ESTAT:TRAN_SF_ROADNU(1.0),20/06/23 11:00:00,A,NR,IS,2016,986,
ESTAT:TRAN_SF_ROADNU(1.0),20/06/23 11:00:00,A,NR,IS,2017,952,
ESTAT:TRAN_SF_ROADNU(1.0),20/06/23 11:00:00,A,NR,IS,2018,868,
ESTAT:TRAN_SF_ROADNU(1.0),20/06/23 11:00:00,A,NR,IS,2019,770,
ESTAT:TRAN_SF_ROADNU(1.0),20/06/23 11:00:00,A,NR,IS,2020,727,
ESTAT:TRAN_SF_ROADNU(1.0),20/06/23 11:00:00,A,NR,IS,2021,873,
ESTAT:TRAN_SF_ROADNU(1.0),20/06/23 11:00:00,A,NR,IT,2013,181660,
ESTAT:TRAN_SF_ROADNU(1.0),20/06/23 11:00:00,A,NR,IT,2014,177031,
ESTAT:TRAN_SF_ROADNU(1.0),20/06/23 11:00:00,A,NR,IT,2015,174539,
ESTAT:TRAN_SF_ROADNU(1.0),20/06/23 11:00:00,A,NR,IT,2016,175791,
ESTAT:TRAN_SF_ROADNU(1.0),20/06/23 11:00:00,A,NR,IT,2017,174933,
ESTAT:TRAN_SF_ROADNU(1.0),20/06/23 11:00:00,A,NR,IT,2018,172553,
ESTAT:TRAN_SF_ROADNU(1.0),20/06/23 11:00:00,A,NR,IT,2019,172183,
ESTAT:TRAN_SF_ROADNU(1.0),20/06/23 11:00:00,A,NR,IT,2020,118298,
ESTAT:TRAN_SF_ROADNU(1.0),20/06/23 11:00:00,A,NR,IT,2021,151875,
ESTAT:TRAN_SF_ROADNU(1.0),20/06/23 11:00:00,A,NR,LI,2013,468,
ESTAT:TRAN_SF_ROADNU(1.0),20/06/23 11:00:00,A,NR,LI,2014,465,
ESTAT:TRAN_SF_ROADNU(1.0),20/06/23 11:00:00,A,NR,LI,2015,445,
ESTAT:TRAN_SF_ROADNU(1.0),20/06/23 11:00:00,A,NR,LI,2016,434,
ESTAT:TRAN_SF_ROADNU(1.0),20/06/23 11:00:00,A,NR,LI,2017,436,
ESTAT:TRAN_SF_ROADNU(1.0),20/06/23 11:00:00,A,NR,LI,2018,478,
ESTAT:TRAN_SF_ROADNU(1.0),20/06/23 11:00:00,A,NR,LI,2019,509,
ESTAT:TRAN_SF_ROADNU(1.0),20/06/23 11:00:00,A,NR,LT,2013,3391,
ESTAT:TRAN_SF_ROADNU(1.0),20/06/23 11:00:00,A,NR,LT,2014,3256,
ESTAT:TRAN_SF_ROADNU(1.0),20/06/23 11:00:00,A,NR,LT,2015,3031,
ESTAT:TRAN_SF_ROADNU(1.0),20/06/23 11:00:00,A,NR,LT,2016,3186,
ESTAT:TRAN_SF_ROADNU(1.0),20/06/23 11:00:00,A,NR,LT,2017,3051,
ESTAT:TRAN_SF_ROADNU(1.0),20/06/23 11:00:00,A,NR,LT,2018,2925,
ESTAT:TRAN_SF_ROADNU(1.0),20/06/23 11:00:00,A,NR,LT,2019,3189,
ESTAT:TRAN_SF_ROADNU(1.0),20/06/23 11:00:00,A,NR,LT,2020,2826,
ESTAT:TRAN_SF_ROADNU(1.0),20/06/23 11:00:00,A,NR,LT,2021,2808,
ESTAT:TRAN_SF_ROADNU(1.0),20/06/23 11:00:00,A,NR,LU,2013,949,
ESTAT:TRAN_SF_ROADNU(1.0),20/06/23 11:00:00,A,NR,LU,2014,908,
ESTAT:TRAN_SF_ROADNU(1.0),20/06/23 11:00:00,A,NR,LU,2015,983,
ESTAT:TRAN_SF_ROADNU(1.0),20/06/23 11:00:00,A,NR,LU,2016,941,
ESTAT:TRAN_SF_ROADNU(1.0),20/06/23 11:00:00,A,NR,LU,2017,955,
ESTAT:TRAN_SF_ROADNU(1.0),20/06/23 11:00:00,A,NR,LU,2018,947,
ESTAT:TRAN_SF_ROADNU(1.0),20/06/23 11:00:00,A,NR,LU,2019,987,
ESTAT:TRAN_SF_ROADNU(1.0),20/06/23 11:00:00,A,NR,LU,2020,771,
ESTAT:TRAN_SF_ROADNU(1.0),20/06/23 11:00:00,A,NR,LU,2021,916,
ESTAT:TRAN_SF_ROADNU(1.0),20/06/23 11:00:00,A,NR,LV,2013,3489,
ESTAT:TRAN_SF_ROADNU(1.0),20/06/23 11:00:00,A,NR,LV,2014,3728,
ESTAT:TRAN_SF_ROADNU(1.0),20/06/23 11:00:00,A,NR,LV,2015,3692,
ESTAT:TRAN_SF_ROADNU(1.0),20/06/23 11:00:00,A,NR,LV,2016,3792,
ESTAT:TRAN_SF_ROADNU(1.0),20/06/23 11:00:00,A,NR,LV,2017,3875,
ESTAT:TRAN_SF_ROADNU(1.0),20/06/23 11:00:00,A,NR,LV,2018,3975,
ESTAT:TRAN_SF_ROADNU(1.0),20/06/23 11:00:00,A,NR,LV,2019,3729,
ESTAT:TRAN_SF_ROADNU(1.0),20/06/23 11:00:00,A,NR,LV,2020,3403,
ESTAT:TRAN_SF_ROADNU(1.0),20/06/23 11:00:00,A,NR,LV,2021,0,
ESTAT:TRAN_SF_ROADNU(1.0),20/06/23 11:00:00,A,NR,MT,2013,1208,
ESTAT:TRAN_SF_ROADNU(1.0),20/06/23 11:00:00,A,NR,MT,2014,1449,
ESTAT:TRAN_SF_ROADNU(1.0),20/06/23 11:00:00,A,NR,MT,2015,1377,
ESTAT:TRAN_SF_ROADNU(1.0),20/06/23 11:00:00,A,NR,MT,2016,1437,
ESTAT:TRAN_SF_ROADNU(1.0),20/06/23 11:00:00,A,NR,MT,2017,1497,
ESTAT:TRAN_SF_ROADNU(1.0),20/06/23 11:00:00,A,NR,MT,2018,1346,
ESTAT:TRAN_SF_ROADNU(1.0),20/06/23 11:00:00,A,NR,MT,2019,1342,
ESTAT:TRAN_SF_ROADNU(1.0),20/06/23 11:00:00,A,NR,MT,2020,1004,
ESTAT:TRAN_SF_ROADNU(1.0),20/06/23 11:00:00,A,NR,MT,2021,0,
ESTAT:TRAN_SF_ROADNU(1.0),20/06/23 11:00:00,A,NR,NL,2013,9522,
ESTAT:TRAN_SF_ROADNU(1.0),20/06/23 11:00:00,A,NR,NL,2014,13358,
ESTAT:TRAN_SF_ROADNU(1.0),20/06/23 11:00:00,A,NR,NL,2015,18523,
ESTAT:TRAN_SF_ROADNU(1.0),20/06/23 11:00:00,A,NR,NL,2016,18749,
ESTAT:TRAN_SF_ROADNU(1.0),20/06/23 11:00:00,A,NR,NL,2017,18706,
ESTAT:TRAN_SF_ROADNU(1.0),20/06/23 11:00:00,A,NR,NL,2018,19270,
ESTAT:TRAN_SF_ROADNU(1.0),20/06/23 11:00:00,A,NR,NL,2019,19046,
ESTAT:TRAN_SF_ROADNU(1.0),20/06/23 11:00:00,A,NR,NL,2020,17043,
ESTAT:TRAN_SF_ROADNU(1.0),20/06/23 11:00:00,A,NR,NL,2021,18449,
ESTAT:TRAN_SF_ROADNU(1.0),20/06/23 11:00:00,A,NR,NO,2013,5241,
ESTAT:TRAN_SF_ROADNU(1.0),20/06/23 11:00:00,A,NR,NO,2014,4972,
ESTAT:TRAN_SF_ROADNU(1.0),20/06/23 11:00:00,A,NR,NO,2015,4563,
ESTAT:TRAN_SF_ROADNU(1.0),20/06/23 11:00:00,A,NR,NO,2016,4195,
ESTAT:TRAN_SF_ROADNU(1.0),20/06/23 11:00:00,A,NR,NO,2017,4086,
ESTAT:TRAN_SF_ROADNU(1.0),20/06/23 11:00:00,A,NR,NO,2018,3895,
ESTAT:TRAN_SF_ROADNU(1.0),20/06/23 11:00:00,A,NR,NO,2019,3580,
ESTAT:TRAN_SF_ROADNU(1.0),20/06/23 11:00:00,A,NR,NO,2020,3502,
ESTAT:TRAN_SF_ROADNU(1.0),20/06/23 11:00:00,A,NR,NO,2021,3620,
ESTAT:TRAN_SF_ROADNU(1.0),20/06/23 11:00:00,A,NR,PL,2013,35847,
ESTAT:TRAN_SF_ROADNU(1.0),20/06/23 11:00:00,A,NR,PL,2014,34970,
ESTAT:TRAN_SF_ROADNU(1.0),20/06/23 11:00:00,A,NR,PL,2015,32967,
ESTAT:TRAN_SF_ROADNU(1.0),20/06/23 11:00:00,A,NR,PL,2016,33664,
ESTAT:TRAN_SF_ROADNU(1.0),20/06/23 11:00:00,A,NR,PL,2017,32760,
ESTAT:TRAN_SF_ROADNU(1.0),20/06/23 11:00:00,A,NR,PL,2018,31674,
ESTAT:TRAN_SF_ROADNU(1.0),20/06/23 11:00:00,A,NR,PL,2019,30288,
ESTAT:TRAN_SF_ROADNU(1.0),20/06/23 11:00:00,A,NR,PL,2020,23540,
ESTAT:TRAN_SF_ROADNU(1.0),20/06/23 11:00:00,A,NR,PL,2021,22816,
ESTAT:TRAN_SF_ROADNU(1.0),20/06/23 11:00:00,A,NR,PT,2013,30339,
ESTAT:TRAN_SF_ROADNU(1.0),20/06/23 11:00:00,A,NR,PT,2014,30604,
ESTAT:TRAN_SF_ROADNU(1.0),20/06/23 11:00:00,A,NR,PT,2015,31953,
ESTAT:TRAN_SF_ROADNU(1.0),20/06/23 11:00:00,A,NR,PT,2016,32299,
ESTAT:TRAN_SF_ROADNU(1.0),20/06/23 11:00:00,A,NR,PT,2017,34416,
ESTAT:TRAN_SF_ROADNU(1.0),20/06/23 11:00:00,A,NR,PT,2018,35816,
ESTAT:TRAN_SF_ROADNU(1.0),20/06/23 11:00:00,A,NR,PT,2019,37251,
ESTAT:TRAN_SF_ROADNU(1.0),20/06/23 11:00:00,A,NR,PT,2020,27725,
ESTAT:TRAN_SF_ROADNU(1.0),20/06/23 11:00:00,A,NR,PT,2021,30691,
ESTAT:TRAN_SF_ROADNU(1.0),20/06/23 11:00:00,A,NR,RO,2013,24827,
ESTAT:TRAN_SF_ROADNU(1.0),20/06/23 11:00:00,A,NR,RO,2014,25355,
ESTAT:TRAN_SF_ROADNU(1.0),20/06/23 11:00:00,A,NR,RO,2015,28944,
ESTAT:TRAN_SF_ROADNU(1.0),20/06/23 11:00:00,A,NR,RO,2016,30751,
ESTAT:TRAN_SF_ROADNU(1.0),20/06/23 11:00:00,A,NR,RO,2017,31106,
ESTAT:TRAN_SF_ROADNU(1.0),20/06/23 11:00:00,A,NR,RO,2018,30202,
ESTAT:TRAN_SF_ROADNU(1.0),20/06/23 11:00:00,A,NR,RO,2019,31146,
ESTAT:TRAN_SF_ROADNU(1.0),20/06/23 11:00:00,A,NR,RO,2020,22806,
ESTAT:TRAN_SF_ROADNU(1.0),20/06/23 11:00:00,A,NR,RO,2021,26805,
ESTAT:TRAN_SF_ROADNU(1.0),20/06/23 11:00:00,A,NR,SE,2013,14942,
ESTAT:TRAN_SF_ROADNU(1.0),20/06/23 11:00:00,A,NR,SE,2014,13091,
ESTAT:TRAN_SF_ROADNU(1.0),20/06/23 11:00:00,A,NR,SE,2015,14703,
ESTAT:TRAN_SF_ROADNU(1.0),20/06/23 11:00:00,A,NR,SE,2016,14086,
ESTAT:TRAN_SF_ROADNU(1.0),20/06/23 11:00:00,A,NR,SE,2017,14951,
ESTAT:TRAN_SF_ROADNU(1.0),20/06/23 11:00:00,A,NR,SE,2018,14233,
ESTAT:TRAN_SF_ROADNU(1.0),20/06/23 11:00:00,A,NR,SE,2019,13684,
ESTAT:TRAN_SF_ROADNU(1.0),20/06/23 11:00:00,A,NR,SE,2020,12243,
ESTAT:TRAN_SF_ROADNU(1.0),20/06/23 11:00:00,A,NR,SE,2021,0,
ESTAT:TRAN_SF_ROADNU(1.0),20/06/23 11:00:00,A,NR,SI,2013,6568,
ESTAT:TRAN_SF_ROADNU(1.0),20/06/23 11:00:00,A,NR,SI,2014,6263,
ESTAT:TRAN_SF_ROADNU(1.0),20/06/23 11:00:00,A,NR,SI,2015,6578,
ESTAT:TRAN_SF_ROADNU(1.0),20/06/23 11:00:00,A,NR,SI,2016,6494,
ESTAT:TRAN_SF_ROADNU(1.0),20/06/23 11:00:00,A,NR,SI,2017,6185,
ESTAT:TRAN_SF_ROADNU(1.0),20/06/23 11:00:00,A,NR,SI,2018,6013,
ESTAT:TRAN_SF_ROADNU(1.0),20/06/23 11:00:00,A,NR,SI,2019,6023,
ESTAT:TRAN_SF_ROADNU(1.0),20/06/23 11:00:00,A,NR,SI,2020,4776,
ESTAT:TRAN_SF_ROADNU(1.0),20/06/23 11:00:00,A,NR,SI,2021,5326,
ESTAT:TRAN_SF_ROADNU(1.0),20/06/23 11:00:00,A,NR,SK,2013,5111,
ESTAT:TRAN_SF_ROADNU(1.0),20/06/23 11:00:00,A,NR,SK,2014,5064,
ESTAT:TRAN_SF_ROADNU(1.0),20/06/23 11:00:00,A,NR,SK,2015,5172,
ESTAT:TRAN_SF_ROADNU(1.0),20/06/23 11:00:00,A,NR,SK,2016,5273,
ESTAT:TRAN_SF_ROADNU(1.0),20/06/23 11:00:00,A,NR,SK,2017,5330,
ESTAT:TRAN_SF_ROADNU(1.0),20/06/23 11:00:00,A,NR,SK,2018,5335,
ESTAT:TRAN_SF_ROADNU(1.0),20/06/23 11:00:00,A,NR,SK,2019,5105,
ESTAT:TRAN_SF_ROADNU(1.0),20/06/23 11:00:00,A,NR,SK,2020,4302,
ESTAT:TRAN_SF_ROADNU(1.0),20/06/23 11:00:00,A,NR,SK,2021,0,
